200001|时尚美妆|2900
200002|时尚美妆|4788
200003|时尚美妆|353
200004|时尚美妆|2550
200005|时尚美妆|1975
200006|时尚美妆|3216
200007|时尚美妆|3570
200008|时尚美妆|2201
200009|时尚美妆|3567
200010|时尚美妆|1257
200011|时尚美妆|4295
200012|时尚美妆|1465
200013|时尚美妆|1327
200014|时尚美妆|244
200015|时尚美妆|3229
200016|时尚美妆|3491
200017|时尚美妆|3856
200018|时尚美妆|854
200019|时尚美妆|4386
200020|时尚美妆|1339
200021|生活记录|2354
200022|生活记录|4052
200023|生活记录|4314
200024|生活记录|4956
200025|生活记录|804
200026|生活记录|2277
200027|生活记录|4740
200028|生活记录|2075
200029|生活记录|4295
200030|生活记录|3464
200031|生活记录|4428
200032|生活记录|2050
200033|生活记录|2069
200034|生活记录|1741
200035|生活记录|2117
200036|生活记录|1814
200037|生活记录|4356
200038|生活记录|4271
200039|生活记录|1999
200040|生活记录|884
200041|知识成长|4051
200042|知识成长|1275
200043|知识成长|2345
200044|知识成长|1347
200045|知识成长|4071
200046|知识成长|2391
200047|知识成长|2980
200048|知识成长|1497
200049|知识成长|2712
200050|知识成长|1826
200051|知识成长|1012
200052|知识成长|4773
200053|知识成长|719
200054|知识成长|843
200055|知识成长|655
200056|知识成长|4640
200057|知识成长|397
200058|知识成长|1368
200059|知识成长|4634
200060|知识成长|1434
200061|身心健康|3679
200062|身心健康|3724
200063|身心健康|105
200064|身心健康|2116
200065|身心健康|2927
200066|身心健康|1797
200067|身心健康|1263
200068|身心健康|543
200069|身心健康|1677
200070|身心健康|291
200071|身心健康|4253
200072|身心健康|4572
200073|身心健康|241
200074|身心健康|3146
200075|身心健康|3715
200076|身心健康|3385
200077|身心健康|1309
200078|身心健康|710
200079|身心健康|1679
200080|身心健康|4079
200081|家庭生活|169
200082|家庭生活|3701
200083|家庭生活|3394
200084|家庭生活|1963
200085|家庭生活|2450
200086|家庭生活|4933
200087|家庭生活|1929
200088|家庭生活|3245
200089|家庭生活|4795
200090|家庭生活|3564
200091|家庭生活|1610
200092|家庭生活|3402
200093|家庭生活|633
200094|家庭生活|3124
200095|家庭生活|95
200096|家庭生活|1179
200097|家庭生活|1297
200098|家庭生活|3953
200099|家庭生活|442
200100|家庭生活|4945
